"plot","year","hfi.native","hfi.exotic","hfi.woody","hfi.herbaceous","x","y","terrace","dem.altitude","fenced","oversown"
"A1",2007,208,2,133,77,1579991.89473907,5327135.21971151,"Terrace",1133,"unfenced","natural"
"A1",2016,245,3,171,77,1579991.89473907,5327135.21971151,"Terrace",1133,"unfenced","natural"
"A2",2007,280,7,90,197,1580078.88982442,5327322.14439622,"Slope",1171,"unfenced","natural"
"A2",2016,342,1,136,207,1580078.88982442,5327322.14439622,"Slope",1171,"unfenced","natural"
"A3",2007,316,1,130,186,1580169.88221943,5327499.07195677,"Slope",1204,"unfenced","natural"
"A3",2016,274,7,104,177,1580169.88221943,5327499.07195677,"Slope",1204,"unfenced","natural"
"A4",2007,315,1,76,239,1580244.88046944,5327679.00060709,"Terrace",1211,"unfenced","natural"
"A4",2016,404,4,78,330,1580244.88046944,5327679.00060709,"Terrace",1211,"unfenced","natural"
"AR-1-Fe",2008,82,74,3,153,1589261.4433986,5317373.33287392,"Terrace",1171,"fenced","natural"
"AR-1-Fe",2016,186,115,2,299,1589261.4433986,5317373.33287392,"Terrace",1171,"fenced","natural"
"AR-1-Un",2008,64,56,3,117,1589268.44021765,5317367.3340098,"Terrace",1173,"unfenced","natural"
"AR-1-Un",2016,93,91,5,179,1589268.44021765,5317367.3340098,"Terrace",1173,"unfenced","natural"
"AR-2-Fe",2008,194,5,17,182,1589351.43474763,5317542.26326071,"Slope",1200,"fenced","natural"
"AR-2-Fe",2016,260,17,37,240,1589351.43474763,5317542.26326071,"Slope",1200,"fenced","natural"
"AR-2-Un",2008,56,8,10,54,1589353.43367032,5317539.26402507,"Slope",1200,"unfenced","natural"
"AR-2-Un",2016,106,9,34,81,1589353.43367032,5317539.26402507,"Slope",1200,"unfenced","natural"
"AR-3-Fe",2008,125,19,9,135,1589039.49787045,5317209.41805961,"Terrace",1266,"fenced","natural"
"AR-3-Fe",2016,143,29,11,161,1589039.49787045,5317209.41805961,"Terrace",1266,"fenced","natural"
"AR-3-Un",2008,119,32,23,128,1589047.4944788,5317204.4187226,"Terrace",1266,"unfenced","natural"
"AR-3-Un",2016,118,40,28,130,1589047.4944788,5317204.4187226,"Terrace",1266,"unfenced","natural"
"B1",2007,240,1,51,189,1587686.4974612,5336458.01474216,"Slope",1429,"unfenced","natural"
"B1",2016,247,5,50,202,1587686.4974612,5336458.01474216,"Slope",1429,"unfenced","natural"
"B2",2007,375,113,331,157,1587609.48599839,5336171.12306958,"Slope",1352,"unfenced","natural"
"B2",2016,360,84,327,117,1587609.48599839,5336171.12306958,"Slope",1352,"unfenced","natural"
"B3",2007,355,48,236,167,1587536.48896893,5336004.18981694,"Terrace",1302,"unfenced","natural"
"B3",2016,416,74,302,188,1587536.48896893,5336004.18981694,"Terrace",1302,"unfenced","natural"
"B4",2007,132,31,1,163,1587483.48153628,5335810.26316501,"Slope",1310,"unfenced","natural"
"B4",2016,137,48,1,185,1587483.48153628,5335810.26316501,"Slope",1310,"unfenced","natural"
"C1",2007,53,19,7,65,1596637.6716786,5338231.23183265,"Slope",1420,"fenced","natural"
"C1",2016,72,29,26,75,1596637.6716786,5338231.23183265,"Slope",1420,"fenced","natural"
"C2",2007,230,39,3,266,1596584.66599968,5338050.30051062,"Slope",1447,"fenced","natural"
"C2",2016,458,62,7,513,1596584.66599968,5338050.30051062,"Slope",1447,"fenced","natural"
"C3",2007,23,1,18,5,1596509.6686063,5337875.37003437,"Slope",1421,"fenced","natural"
"C3",2016,227,22,42,207,1596509.6686063,5337875.37003437,"Slope",1421,"fenced","natural"
"C4",2007,206,29,22,213,1596437.67202434,5337714.43439458,"Slope",1342,"fenced","natural"
"C4",2016,357,37,56,338,1596437.67202434,5337714.43439458,"Slope",1342,"fenced","natural"
"CC-1-Fe",2008,21,107,5,123,1590077.68350949,5328907.28114395,"Terrace",1095,"fenced","natural"
"CC-1-Fe",2016,59,142,37,164,1590077.68350949,5328907.28114395,"Terrace",1095,"fenced","natural"
"CC-1-Un",2008,50,87,7,130,1590091.67846163,5328905.27998021,"Terrace",1094,"unfenced","natural"
"CC-1-Un",2016,86,148,25,209,1590091.67846163,5328905.27998021,"Terrace",1094,"unfenced","natural"
"CC-2-Fe",2008,77,321,16,382,1590050.68534688,5328851.30384241,"Terrace",1090,"fenced","natural"
"CC-2-Fe",2016,59,241,13,287,1590050.68534688,5328851.30384241,"Terrace",1090,"fenced","natural"
"CC-2-Un",2008,101,323,1,424,1590055.67440246,5328781.32710278,"Terrace",1085,"unfenced","natural"
"CC-2-Un",2016,64,356,1,420,1590055.67440246,5328781.32710278,"Terrace",1085,"unfenced","natural"
"CC-3-Fe",2008,32,55,1,87,1589979.69852522,5328767.3419143,"Terrace",1093,"fenced","natural"
"CC-3-Fe",2016,56,118,3,171,1589979.69852522,5328767.3419143,"Terrace",1093,"fenced","natural"
"CC-3-Un",2008,81,116,1,197,1590018.68533052,5328768.33642691,"Terrace",1088,"unfenced","natural"
"CC-3-Un",2016,66,156,1,222,1590018.68533052,5328768.33642691,"Terrace",1088,"unfenced","natural"
"D1",2007,17,241,1,258,1601083.41602945,5340202.97692655,"Terrace",1000,"unfenced","natural"
"D1",2016,47,343,5,385,1601083.41602945,5340202.97692655,"Terrace",1000,"unfenced","natural"
"D2",2007,20,88,1,107,1601161.41374519,5340387.90381066,"Terrace",1016,"unfenced","natural"
"D2",2016,47,124,10,161,1601161.41374519,5340387.90381066,"Terrace",1016,"unfenced","natural"
"D3",2007,146,192,4,334,1601235.41386361,5340580.82850772,"Slope",1037,"unfenced","natural"
"D3",2016,220,360,7,573,1601235.41386361,5340580.82850772,"Slope",1037,"unfenced","natural"
"D4",2007,66,58,20,104,1601310.41219661,5340762.75682193,"Slope",1064,"unfenced","natural"
"D4",2016,153,60,47,166,1601310.41219661,5340762.75682193,"Slope",1064,"unfenced","natural"
"F1",2007,31,29,1,60,1590112.25586422,5325757.3533346,"Slope",1346,"unfenced","natural"
"F1",2016,25,25,1,50,1590112.25586422,5325757.3533346,"Slope",1346,"unfenced","natural"
"F2",2007,31,14,1,45,1590049.25589949,5325594.41735119,"Slope",1384,"unfenced","natural"
"F2",2016,21,12,1,33,1590049.25589949,5325594.41735119,"Slope",1384,"unfenced","natural"
"F3",2007,77,1,43,34,1589995.25061888,5325414.48599094,"Slope",1428,"unfenced","natural"
"F3",2016,165,10,78,97,1589995.25061888,5325414.48599094,"Slope",1428,"unfenced","natural"
"F4",2007,168,4,1,171,1589915.2531713,5325226.56079301,"Slope",1367,"unfenced","natural"
"F4",2016,256,9,19,246,1589915.2531713,5325226.56079301,"Slope",1367,"unfenced","natural"
"G1",2007,45,8,11,42,1593492.10863508,5325820.88531847,"Slope",1464,"unfenced","natural"
"G1",2016,89,19,27,81,1593492.10863508,5325820.88531847,"Slope",1464,"unfenced","natural"
"G2",2007,83,21,1,104,1593436.11180076,5325699.93407866,"Slope",1413,"unfenced","natural"
"G2",2016,170,32,1,202,1593436.11180076,5325699.93407866,"Slope",1413,"unfenced","natural"
"G3",2007,158,84,2,240,1593369.11133383,5325523.00343698,"Slope",1300,"unfenced","natural"
"G3",2016,384,170,2,552,1593369.11133383,5325523.00343698,"Slope",1300,"unfenced","natural"
"G4",2007,56,7,18,45,1593307.11034806,5325355.06905967,"Slope",1220,"unfenced","natural"
"G4",2016,109,20,62,67,1593307.11034806,5325355.06905967,"Slope",1220,"unfenced","natural"
"H1",2007,21,58,6,73,1597788.79282729,5319434.50349354,"Slope",1112,"unfenced","natural"
"H1",2016,49,76,6,119,1597788.79282729,5319434.50349354,"Slope",1112,"unfenced","natural"
"H2",2007,16,125,28,113,1597869.79152907,5319634.4242086,"Slope",1013,"unfenced","natural"
"H2",2016,53,275,119,209,1597869.79152907,5319634.4242086,"Slope",1013,"unfenced","natural"
"H3",2007,67,64,4,127,1597951.79452971,5319869.33279806,"Slope",1001,"unfenced","natural"
"H3",2016,99,71,22,148,1597951.79452971,5319869.33279806,"Slope",1001,"unfenced","natural"
"H4",2007,83,68,27,124,1598018.79367672,5320036.26668638,"Slope",1088,"unfenced","natural"
"H4",2016,106,46,47,105,1598018.79367672,5320036.26668638,"Slope",1088,"unfenced","natural"
"HG-1-Fe",2008,116,42,51,107,1593003.81358526,5337479.96560696,"Terrace",1005,"fenced","natural"
"HG-1-Fe",2016,126,37,48,115,1593003.81358526,5337479.96560696,"Terrace",1005,"fenced","natural"
"HG-1-Un",2008,83,42,19,106,1592955.82945537,5337475.97327671,"Terrace",998,"unfenced","natural"
"HG-1-Un",2016,85,37,25,97,1592955.82945537,5337475.97327671,"Terrace",998,"unfenced","natural"
"HG-2-Fe",2008,156,54,38,172,1592947.8487335,5337601.93128785,"Terrace",1001,"fenced","natural"
"HG-2-Fe",2016,155,54,30,179,1592947.8487335,5337601.93128785,"Terrace",1001,"fenced","natural"
"HG-2-Un",2008,171,77,33,215,1592882.87106771,5337602.93948114,"Terrace",997,"unfenced","natural"
"HG-2-Un",2016,227,74,61,240,1592882.87106771,5337602.93948114,"Terrace",997,"unfenced","natural"
"HG-3-Fe",2008,82,43,32,93,1593123.72820455,5337142.06529399,"Terrace",994,"fenced","natural"
"HG-3-Fe",2016,108,45,44,109,1593123.72820455,5337142.06529399,"Terrace",994,"fenced","natural"
"HG-3-Un",2008,77,37,28,86,1593118.72649673,5337116.07483118,"Terrace",993,"unfenced","natural"
"HG-3-Un",2016,89,45,47,87,1593118.72649673,5337116.07483118,"Terrace",993,"unfenced","natural"
"I1",2007,14,176,43,147,1604812.16790195,5325292.56202347,"Slope",1046,"unfenced","oversown"
"I1",2016,19,169,68,120,1604812.16790195,5325292.56202347,"Slope",1046,"unfenced","oversown"
"I2",2007,19,242,32,229,1604888.16628535,5325474.48967816,"Slope",1022,"unfenced","oversown"
"I2",2016,107,411,76,442,1604888.16628535,5325474.48967816,"Slope",1022,"unfenced","oversown"
"I3",2007,15,46,4,57,1604957.16398707,5325633.42613354,"Slope",1020,"unfenced","oversown"
"I3",2016,27,50,6,71,1604957.16398707,5325633.42613354,"Slope",1020,"unfenced","oversown"
"I4",2007,33,47,31,49,1605026.16396683,5325809.35678904,"Terrace",1028,"unfenced","oversown"
"I4",2016,63,58,51,70,1605026.16396683,5325809.35678904,"Terrace",1028,"unfenced","oversown"
"J1",2007,45,118,20,143,1613509.18335922,5332543.92403987,"Terrace",1250,"unfenced","oversown"
"J1",2016,81,131,36,176,1613509.18335922,5332543.92403987,"Terrace",1250,"unfenced","oversown"
"J2",2007,41,378,9,410,1613585.18206324,5332724.85251089,"Terrace",1204,"unfenced","oversown"
"J2",2016,65,213,16,262,1613585.18206324,5332724.85251089,"Terrace",1204,"unfenced","oversown"
"J3",2007,272,88,65,295,1613652.18381469,5332905.78221038,"Slope",1204,"unfenced","oversown"
"J3",2016,217,60,66,211,1613652.18381469,5332905.78221038,"Slope",1204,"unfenced","oversown"
"J4",2007,498,100,289,309,1613718.1840161,5333072.7167953,"Terrace",1188,"unfenced","oversown"
"J4",2016,581,122,412,291,1613718.1840161,5333072.7167953,"Terrace",1188,"unfenced","oversown"
"K1",2007,106,53,18,141,1614731.35036615,5329455.80514152,"Slope",1246,"unfenced","oversown"
"K1",2016,86,24,33,77,1614731.35036615,5329455.80514152,"Slope",1246,"unfenced","oversown"
"K2",2007,14,77,1,90,1614801.3498767,5329626.73761673,"Slope",1221,"unfenced","oversown"
"K2",2016,46,72,3,115,1614801.3498767,5329626.73761673,"Slope",1221,"unfenced","oversown"
"K3",2007,17,88,1,105,1614881.34395961,5329782.67383135,"Slope",1191,"unfenced","oversown"
"K3",2016,41,86,2,125,1614881.34395961,5329782.67383135,"Slope",1191,"unfenced","oversown"
"K4",2007,38,471,4,505,1614965.33791479,5329947.60646143,"Slope",1124,"unfenced","oversown"
"K4",2016,24,142,1,166,1614965.33791479,5329947.60646143,"Slope",1124,"unfenced","oversown"
"L1",2007,59,244,1,303,1615698.28322432,5331371.0244546,"Terrace",1128,"unfenced","oversown"
"L1",2016,33,207,1,240,1615698.28322432,5331371.0244546,"Terrace",1128,"unfenced","oversown"
"L2",2007,39,480,17,502,1615777.27891799,5331535.95788393,"Slope",1100,"unfenced","oversown"
"L2",2016,36,322,13,345,1615777.27891799,5331535.95788393,"Slope",1100,"unfenced","oversown"
"L3",2007,6,160,1,166,1615849.2775269,5331704.89092413,"Slope",1125,"unfenced","oversown"
"L3",2016,3,172,2,173,1615849.2775269,5331704.89092413,"Slope",1125,"unfenced","oversown"
"L4",2007,5,542,14,533,1615914.28000034,5331884.82120834,"Slope",1125,"unfenced","oversown"
"L4",2016,10,216,1,226,1615914.28000034,5331884.82120834,"Slope",1125,"unfenced","oversown"
"LD-1-Fe",2008,123,52,47,128,1586584.19940961,5308448.73659889,"Terrace",941,"fenced","natural"
"LD-1-Fe",2016,123,52,54,121,1586584.19940961,5308448.73659889,"Terrace",941,"fenced","natural"
"LD-1-Un",2008,56,49,27,78,1586534.21009474,5308398.76015252,"Terrace",947,"unfenced","natural"
"LD-1-Un",2016,81,46,47,80,1586534.21009474,5308398.76015252,"Terrace",947,"unfenced","natural"
"LD-2-Fe",2008,185,84,63,206,1586662.15610237,5308319.77073353,"Terrace",929,"fenced","natural"
"LD-2-Fe",2016,274,74,129,219,1586662.15610237,5308319.77073353,"Terrace",929,"fenced","natural"
"LD-2-Un",2008,112,46,54,104,1586611.16841977,5308279.79099199,"Terrace",933,"unfenced","natural"
"LD-2-Un",2016,164,77,64,177,1586611.16841977,5308279.79099199,"Terrace",933,"unfenced","natural"
"LD-3-Fe",2008,133,68,42,159,1586887.06605258,5308218.77637469,"Terrace",897,"fenced","natural"
"LD-3-Fe",2016,183,153,40,296,1586887.06605258,5308218.77637469,"Terrace",897,"fenced","natural"
"LD-3-Un",2008,334,160,10,484,1586889.05430401,5308132.80557399,"Terrace",896,"unfenced","natural"
"LD-3-Un",2016,437,259,5,691,1586889.05430401,5308132.80557399,"Terrace",896,"unfenced","natural"
"LD-4-Fe",2008,315,144,1,458,1586914.06220885,5308260.7585151,"Terrace",896,"fenced","natural"
"LD-4-Fe",2016,591,389,2,978,1586914.06220885,5308260.7585151,"Terrace",896,"fenced","natural"
"LD-4-Un",2008,300,103,45,358,1586996.03026161,5308230.75823965,"Terrace",897,"unfenced","natural"
"LD-4-Un",2016,480,173,124,529,1586996.03026161,5308230.75823965,"Terrace",897,"unfenced","natural"
"LD-5-Fe",2008,149,57,78,128,1587016.04799368,5308421.69024127,"Terrace",930,"fenced","natural"
"LD-5-Fe",2016,125,76,42,159,1587016.04799368,5308421.69024127,"Terrace",930,"fenced","natural"
"LD-5-Un",2008,148,53,70,131,1587063.03163743,5308419.68487569,"Terrace",932,"unfenced","natural"
"LD-5-Un",2016,178,56,106,128,1587063.03163743,5308419.68487569,"Terrace",932,"unfenced","natural"
"LD-6-Fe",2008,188,44,51,181,1587070.05653926,5308631.61135804,"Terrace",967,"fenced","natural"
"LD-6-Fe",2016,200,49,77,172,1587070.05653926,5308631.61135804,"Terrace",967,"fenced","natural"
"LD-6-Un",2008,233,36,90,179,1587096.04776263,5308632.6076666,"Terrace",966,"unfenced","natural"
"LD-6-Un",2016,282,61,146,197,1587096.04776263,5308632.6076666,"Terrace",966,"unfenced","natural"
"M1",2007,52,84,9,127,1621980.77823713,5328609.0952664,"Terrace",1108,"unfenced","natural"
"M1",2016,102,88,14,176,1621980.77823713,5328609.0952664,"Terrace",1108,"unfenced","natural"
"M2",2007,163,43,91,115,1622058.77882372,5328803.01886315,"Slope",1067,"unfenced","natural"
"M2",2016,333,61,158,236,1622058.77882372,5328803.01886315,"Slope",1067,"unfenced","natural"
"M3",2007,64,78,9,133,1622148.76966706,5328955.95466503,"Terrace",1085,"unfenced","natural"
"M3",2016,139,71,40,170,1622148.76966706,5328955.95466503,"Terrace",1085,"unfenced","natural"
"M4",2007,78,47,56,69,1622221.77751048,5329189.8654842,"Terrace",1028,"unfenced","natural"
"M4",2016,160,43,89,114,1622221.77751048,5329189.8654842,"Terrace",1028,"unfenced","natural"
"Molesworth1",1989,252,65,4,313,1595394.77865205,5335819.21830583,"Terrace",1038,"fenced","natural"
"Molesworth1",1995,423,134,6,551,1595394.77865205,5335819.21830583,"Terrace",1038,"fenced","natural"
"Molesworth1",2001,273,261,8,526,1595394.77865205,5335819.21830583,"Terrace",1038,"fenced","natural"
"Molesworth1",2006,140,153,8,285,1595394.77865205,5335819.21830583,"Terrace",1038,"fenced","natural"
"Molesworth1",2016,183,159,21,321,1595394.77865205,5335819.21830583,"Terrace",1038,"fenced","natural"
"Molesworth10",1989,130,212,1,342,1581315.76242975,5329547.22072876,"Terrace",1157,"fenced","natural"
"Molesworth10",1995,145,205,1,350,1581315.76242975,5329547.22072876,"Terrace",1157,"fenced","natural"
"Molesworth10",2001,172,375,1,547,1581315.76242975,5329547.22072876,"Terrace",1157,"fenced","natural"
"Molesworth10",2006,146,516,1,662,1581315.76242975,5329547.22072876,"Terrace",1157,"fenced","natural"
"Molesworth10",2016,81,283,1,364,1581315.76242975,5329547.22072876,"Terrace",1157,"fenced","natural"
"Molesworth11",1989,271,132,1,403,1581957.50306099,5329244.23920124,"Terrace",1143,"unfenced","natural"
"Molesworth11",1995,387,121,1,508,1581957.50306099,5329244.23920124,"Terrace",1143,"unfenced","natural"
"Molesworth11",2001,311,183,3,491,1581957.50306099,5329244.23920124,"Terrace",1143,"unfenced","natural"
"Molesworth11",2006,370,160,6,524,1581957.50306099,5329244.23920124,"Terrace",1143,"unfenced","natural"
"Molesworth11",2016,109,129,1,238,1581957.50306099,5329244.23920124,"Terrace",1143,"unfenced","natural"
"Molesworth12",1989,222,175,1,397,1593565.23582042,5334546.89373447,"Terrace",1011,"unfenced","natural"
"Molesworth12",1995,423,268,1,691,1593565.23582042,5334546.89373447,"Terrace",1011,"unfenced","natural"
"Molesworth12",2001,235,259,1,494,1593565.23582042,5334546.89373447,"Terrace",1011,"unfenced","natural"
"Molesworth12",2006,172,567,1,739,1593565.23582042,5334546.89373447,"Terrace",1011,"unfenced","natural"
"Molesworth12",2016,122,413,1,535,1593565.23582042,5334546.89373447,"Terrace",1011,"unfenced","natural"
"Molesworth13",1989,225,110,1,335,1593609.23883335,5334683.84115718,"Terrace",1011,"fenced","natural"
"Molesworth13",1995,444,148,1,592,1593609.23883335,5334683.84115718,"Terrace",1011,"fenced","natural"
"Molesworth13",2001,344,264,1,608,1593609.23883335,5334683.84115718,"Terrace",1011,"fenced","natural"
"Molesworth13",2006,270,673,1,943,1593609.23883335,5334683.84115718,"Terrace",1011,"fenced","natural"
"Molesworth13",2016,69,337,1,406,1593609.23883335,5334683.84115718,"Terrace",1011,"fenced","natural"
"Molesworth14",1989,183,12,64,131,1593541.57993333,5337100.02472735,"Terrace",1022,"fenced","natural"
"Molesworth14",1995,209,20,78,151,1593541.57993333,5337100.02472735,"Terrace",1022,"fenced","natural"
"Molesworth14",2001,179,27,81,125,1593541.57993333,5337100.02472735,"Terrace",1022,"fenced","natural"
"Molesworth14",2006,211,40,85,166,1593541.57993333,5337100.02472735,"Terrace",1022,"fenced","natural"
"Molesworth14",2016,102,15,41,76,1593541.57993333,5337100.02472735,"Terrace",1022,"fenced","natural"
"Molesworth15",1995,288,25,7,306,1591167.23709615,5335927.73768076,"Terrace",1077,"fenced","natural"
"Molesworth15",2001,129,163,7,285,1591167.23709615,5335927.73768076,"Terrace",1077,"fenced","natural"
"Molesworth15",2006,57,190,12,235,1591167.23709615,5335927.73768076,"Terrace",1077,"fenced","natural"
"Molesworth15",2016,142,26,3,165,1591167.23709615,5335927.73768076,"Terrace",1077,"fenced","natural"
"Molesworth2",1989,164,35,79,120,1593983.42349176,5337057.98100466,"Terrace",1024,"fenced","natural"
"Molesworth2",1995,162,41,62,141,1593983.42349176,5337057.98100466,"Terrace",1024,"fenced","natural"
"Molesworth2",2001,150,49,80,119,1593983.42349176,5337057.98100466,"Terrace",1024,"fenced","natural"
"Molesworth2",2006,96,48,51,93,1593983.42349176,5337057.98100466,"Terrace",1024,"fenced","natural"
"Molesworth2",2016,81,22,41,62,1593983.42349176,5337057.98100466,"Terrace",1024,"fenced","natural"
"Molesworth3",1989,147,74,1,221,1593217.43127772,5335128.74078729,"Terrace",1011,"fenced","natural"
"Molesworth3",1995,133,34,1,167,1593217.43127772,5335128.74078729,"Terrace",1011,"fenced","natural"
"Molesworth3",2001,180,93,1,273,1593217.43127772,5335128.74078729,"Terrace",1011,"fenced","natural"
"Molesworth3",2006,168,61,2,227,1593217.43127772,5335128.74078729,"Terrace",1011,"fenced","natural"
"Molesworth3",2016,56,170,1,226,1593217.43127772,5335128.74078729,"Terrace",1011,"fenced","natural"
"Molesworth4",1989,441,76,3,514,1593825.22220646,5335117.66452468,"Terrace",1016,"fenced","natural"
"Molesworth4",1995,554,132,7,679,1593825.22220646,5335117.66452468,"Terrace",1016,"fenced","natural"
"Molesworth4",2001,536,79,10,605,1593825.22220646,5335117.66452468,"Terrace",1016,"fenced","natural"
"Molesworth4",2006,514,102,4,612,1593825.22220646,5335117.66452468,"Terrace",1016,"fenced","natural"
"Molesworth4",2016,394,84,4,474,1593825.22220646,5335117.66452468,"Terrace",1016,"fenced","natural"
"Molesworth5",1989,156,48,26,178,1594305.19500919,5336156.24663732,"Terrace",1046,"fenced","natural"
"Molesworth5",1995,167,44,31,180,1594305.19500919,5336156.24663732,"Terrace",1046,"fenced","natural"
"Molesworth5",2001,146,48,39,155,1594305.19500919,5336156.24663732,"Terrace",1046,"fenced","natural"
"Molesworth5",2006,150,48,44,154,1594305.19500919,5336156.24663732,"Terrace",1046,"fenced","natural"
"Molesworth5",2016,120,23,42,101,1594305.19500919,5336156.24663732,"Terrace",1046,"fenced","natural"
"Molesworth6",1989,130,77,32,175,1593301.37771447,5334939.79427889,"Terrace",1010,"fenced","natural"
"Molesworth6",1995,120,68,35,153,1593301.37771447,5334939.79427889,"Terrace",1010,"fenced","natural"
"Molesworth6",2001,124,60,40,144,1593301.37771447,5334939.79427889,"Terrace",1010,"fenced","natural"
"Molesworth6",2006,89,55,29,115,1593301.37771447,5334939.79427889,"Terrace",1010,"fenced","natural"
"Molesworth6",2016,150,66,36,180,1593301.37771447,5334939.79427889,"Terrace",1010,"fenced","natural"
"Molesworth7",1989,134,135,1,269,1593206.35565531,5334525.94817623,"Terrace",1012,"unfenced","natural"
"Molesworth7",1995,152,169,1,321,1593206.35565531,5334525.94817623,"Terrace",1012,"unfenced","natural"
"Molesworth7",2001,119,146,1,264,1593206.35565531,5334525.94817623,"Terrace",1012,"unfenced","natural"
"Molesworth7",2006,78,163,1,240,1593206.35565531,5334525.94817623,"Terrace",1012,"unfenced","natural"
"Molesworth7",2016,29,110,1,139,1593206.35565531,5334525.94817623,"Terrace",1012,"unfenced","natural"
"Molesworth8",1989,138,106,4,240,1593352.33080997,5334715.86406459,"Terrace",1011,"fenced","natural"
"Molesworth8",1995,143,119,4,258,1593352.33080997,5334715.86406459,"Terrace",1011,"fenced","natural"
"Molesworth8",2001,116,101,3,214,1593352.33080997,5334715.86406459,"Terrace",1011,"fenced","natural"
"Molesworth8",2006,78,96,4,170,1593352.33080997,5334715.86406459,"Terrace",1011,"fenced","natural"
"Molesworth8",2016,101,114,7,208,1593352.33080997,5334715.86406459,"Terrace",1011,"fenced","natural"
"Molesworth9",1989,148,195,3,340,1580526.68773913,5326950.21199677,"Terrace",1096,"unfenced","natural"
"Molesworth9",1995,207,137,4,340,1580526.68773913,5326950.21199677,"Terrace",1096,"unfenced","natural"
"Molesworth9",2001,215,189,4,400,1580526.68773913,5326950.21199677,"Terrace",1096,"unfenced","natural"
"Molesworth9",2006,251,167,5,413,1580526.68773913,5326950.21199677,"Terrace",1096,"unfenced","natural"
"Molesworth9",2016,94,158,14,238,1580526.68773913,5326950.21199677,"Terrace",1096,"unfenced","natural"
"N1",2007,137,44,69,112,1585129.14943462,5311948.72720872,"Slope",1127,"unfenced","natural"
"N1",2016,290,49,122,217,1585129.14943462,5311948.72720872,"Slope",1127,"unfenced","natural"
"N2",2007,97,21,45,73,1585216.14471708,5312141.64999263,"Slope",1112,"unfenced","natural"
"N2",2016,234,48,100,182,1585216.14471708,5312141.64999263,"Slope",1112,"unfenced","natural"
"N3",2007,158,8,108,58,1585282.14433238,5312312.58300964,"Terrace",1100,"unfenced","natural"
"N3",2016,340,21,208,153,1585282.14433238,5312312.58300964,"Terrace",1100,"unfenced","natural"
"N4",2007,163,1,80,83,1585359.13877045,5312472.51835443,"Slope",1179,"unfenced","natural"
"N4",2016,363,3,145,221,1585359.13877045,5312472.51835443,"Slope",1179,"unfenced","natural"
"O1",2007,180,50,99,131,1585609.68903644,5309659.44780978,"Slope",1097,"fenced","natural"
"O1",2016,343,50,188,205,1585609.68903644,5309659.44780978,"Slope",1097,"fenced","natural"
"O2",2007,213,136,198,151,1585663.6905606,5309814.38783752,"Slope",1059,"fenced","natural"
"O2",2016,446,125,363,208,1585663.6905606,5309814.38783752,"Slope",1059,"fenced","natural"
"O3",2007,162,15,110,67,1585726.68798208,5309961.32943685,"Slope",1054,"fenced","natural"
"O3",2016,325,27,170,182,1585726.68798208,5309961.32943685,"Slope",1054,"fenced","natural"
"O4",2007,204,23,128,99,1585827.68041905,5310170.24492265,"Terrace",1012,"fenced","natural"
"O4",2016,280,28,182,126,1585827.68041905,5310170.24492265,"Terrace",1012,"fenced","natural"
"P1",2007,99,20,86,33,1590021.93900289,5299997.2025277,"Slope",916,"unfenced","natural"
"P1",2016,105,20,87,38,1590021.93900289,5299997.2025277,"Slope",916,"unfenced","natural"
"P2",2007,251,28,188,91,1590123.93858836,5300272.09475701,"Slope",942,"unfenced","natural"
"P2",2016,492,58,356,194,1590123.93858836,5300272.09475701,"Slope",942,"unfenced","natural"
"P3",2007,242,1,178,65,1590189.93682831,5300438.02913877,"Slope",1029,"unfenced","natural"
"P3",2016,476,13,348,141,1590189.93682831,5300438.02913877,"Slope",1029,"unfenced","natural"
"P4",2007,197,12,81,128,1590256.93372369,5300595.96615045,"Slope",1140,"unfenced","natural"
"P4",2016,430,26,204,252,1590256.93372369,5300595.96615045,"Slope",1140,"unfenced","natural"
"PT-1-Fe",2008,20,53,1,73,1603552.35467899,5315985.92197088,"Slope",931,"fenced","oversown"
"PT-1-Fe",2016,37,79,1,116,1603552.35467899,5315985.92197088,"Slope",931,"fenced","oversown"
"PT-1-Un",2008,18,54,3,69,1603520.36688826,5315994.92314418,"Slope",922,"unfenced","oversown"
"PT-1-Un",2016,54,104,20,138,1603520.36688826,5315994.92314418,"Slope",922,"unfenced","oversown"
"PT-2-Fe",2008,36,161,14,183,1603433.36733894,5315774.01078394,"Slope",909,"fenced","oversown"
"PT-2-Fe",2016,155,143,13,285,1603433.36733894,5315774.01078394,"Slope",909,"fenced","oversown"
"PT-2-Un",2008,1,58,5,53,1603384.38993287,5315817.0025243,"Slope",923,"unfenced","oversown"
"PT-2-Un",2016,13,128,15,126,1603384.38993287,5315817.0025243,"Slope",923,"unfenced","oversown"
"PT-3-Fe",2008,87,87,1,174,1603900.25912594,5316166.81325398,"Slope",1111,"fenced","oversown"
"PT-3-Fe",2016,78,94,10,162,1603900.25912594,5316166.81325398,"Slope",1111,"fenced","oversown"
"PT-3-Un",2008,13,52,18,47,1603902.26004036,5316178.80885898,"Slope",1111,"unfenced","oversown"
"PT-3-Un",2016,8,70,14,64,1603902.26004036,5316178.80885898,"Slope",1111,"unfenced","oversown"
"Q1",2007,182,73,59,196,1595991.03613786,5301273.00031193,"Slope",927,"unfenced","natural"
"Q1",2016,327,63,93,297,1595991.03613786,5301273.00031193,"Slope",927,"unfenced","natural"
"Q2",2007,119,45,50,114,1596075.02871434,5301441.93092085,"Slope",943,"unfenced","natural"
"Q2",2016,170,43,71,142,1596075.02871434,5301441.93092085,"Slope",943,"unfenced","natural"
"Q3",2007,68,114,42,140,1596144.02894912,5301629.85686746,"Slope",958,"unfenced","natural"
"Q3",2016,116,98,94,120,1596144.02894912,5301629.85686746,"Slope",958,"unfenced","natural"
"Q4",2007,27,88,29,86,1596209.03033059,5301815.78402274,"Slope",973,"unfenced","natural"
"Q4",2016,66,122,95,93,1596209.03033059,5301815.78402274,"Slope",973,"unfenced","natural"
"R1",2007,158,712,1,870,1601669.81791805,5307044.25974173,"Terrace",690,"unfenced","natural"
"R1",2016,296,1167,2,1461,1601669.81791805,5307044.25974173,"Terrace",690,"unfenced","natural"
"R2",2007,8,175,2,181,1601744.81524175,5307221.18854391,"Terrace",718,"unfenced","natural"
"R2",2016,20,141,14,147,1601744.81524175,5307221.18854391,"Terrace",718,"unfenced","natural"
"R3",2007,16,81,3,94,1601826.81173574,5307410.11227012,"Terrace",758,"unfenced","natural"
"R3",2016,85,121,25,181,1601826.81173574,5307410.11227012,"Terrace",758,"unfenced","natural"
"R4",2007,71,83,17,137,1601906.8064332,5307580.04284386,"Slope",823,"unfenced","natural"
"R4",2016,160,101,74,187,1601906.8064332,5307580.04284386,"Slope",823,"unfenced","natural"
"S1",2007,74,3,62,15,1616629.91610562,5316453.98582594,"Slope",1316,"unfenced","natural"
"S1",2016,130,2,95,37,1616629.91610562,5316453.98582594,"Slope",1316,"unfenced","natural"
"S2",2007,78,1,40,38,1616543.91902907,5316261.06412454,"Slope",1323,"unfenced","natural"
"S2",2016,166,1,87,79,1616543.91902907,5316261.06412454,"Slope",1323,"unfenced","natural"
"S3",2007,148,8,4,152,1616459.9239026,5316087.13562065,"Slope",1273,"unfenced","natural"
"S3",2016,394,10,13,391,1616459.9239026,5316087.13562065,"Slope",1273,"unfenced","natural"
"S4",2007,87,5,16,76,1616376.92899662,5315917.20561263,"Slope",1231,"unfenced","natural"
"S4",2016,105,8,16,97,1616376.92899662,5315917.20561263,"Slope",1231,"unfenced","natural"
"Saxton1",1989,326,129,1,455,1617121.96388177,5355245.83810276,"Terrace",1256,"unfenced","natural"
"Saxton1",1995,297,123,1,419,1617121.96388177,5355245.83810276,"Terrace",1256,"unfenced","natural"
"Saxton1",2001,198,109,4,303,1617121.96388177,5355245.83810276,"Terrace",1256,"unfenced","natural"
"Saxton1",2006,129,79,5,203,1617121.96388177,5355245.83810276,"Terrace",1256,"unfenced","natural"
"Saxton1",2016,136,98,9,225,1617121.96388177,5355245.83810276,"Terrace",1256,"unfenced","natural"
"Saxton2",1989,319,53,7,365,1617070.96949715,5355156.87412797,"Terrace",1253,"fenced","natural"
"Saxton2",1995,310,42,7,345,1617070.96949715,5355156.87412797,"Terrace",1253,"fenced","natural"
"Saxton2",2001,271,48,10,309,1617070.96949715,5355156.87412797,"Terrace",1253,"fenced","natural"
"Saxton2",2006,223,46,22,247,1617070.96949715,5355156.87412797,"Terrace",1253,"fenced","natural"
"Saxton2",2016,266,73,14,325,1617070.96949715,5355156.87412797,"Terrace",1253,"fenced","natural"
"Saxton3",1989,389,21,3,407,1615506.40911928,5354523.28391401,"Terrace",1469,"fenced","natural"
"Saxton3",1995,359,35,3,391,1615506.40911928,5354523.28391401,"Terrace",1469,"fenced","natural"
"Saxton3",2001,333,60,1,392,1615506.40911928,5354523.28391401,"Terrace",1469,"fenced","natural"
"Saxton3",2006,347,56,1,402,1615506.40911928,5354523.28391401,"Terrace",1469,"fenced","natural"
"Saxton3",2016,347,41,2,386,1615506.40911928,5354523.28391401,"Terrace",1469,"fenced","natural"
"Saxton4",2016,328,241,1,569,1617123.96270953,5355241.83917623,"Terrace",1255,"unfenced","natural"
"Saxton5",1989,179,124,1,303,1614732.25636152,5351314.45304473,"Terrace",1214,"unfenced","natural"
"Saxton5",1995,178,155,1,333,1614732.25636152,5351314.45304473,"Terrace",1214,"unfenced","natural"
"Saxton5",2001,101,104,1,205,1614732.25636152,5351314.45304473,"Terrace",1214,"unfenced","natural"
"Saxton5",2006,59,128,1,187,1614732.25636152,5351314.45304473,"Terrace",1214,"unfenced","natural"
"Saxton5",2016,37,160,3,194,1614732.25636152,5351314.45304473,"Terrace",1214,"unfenced","natural"
"Saxton6",1989,210,85,8,287,1614538.36137746,5351627.37350256,"Terrace",1255,"unfenced","natural"
"Saxton6",1995,218,82,12,288,1614538.36137746,5351627.37350256,"Terrace",1255,"unfenced","natural"
"Saxton6",2001,146,74,10,210,1614538.36137746,5351627.37350256,"Terrace",1255,"unfenced","natural"
"Saxton6",2006,63,80,5,138,1614538.36137746,5351627.37350256,"Terrace",1255,"unfenced","natural"
"Saxton6",2016,65,110,7,168,1614538.36137746,5351627.37350256,"Terrace",1255,"unfenced","natural"
"SD-1-Fe",2008,69,37,25,81,1594184.91834648,5333744.08626799,"Terrace",1012,"fenced","natural"
"SD-1-Fe",2016,61,26,32,55,1594184.91834648,5333744.08626799,"Terrace",1012,"fenced","natural"
"SD-1-Un",2008,122,36,46,112,1594114.94053448,5333731.09993016,"Terrace",1014,"unfenced","natural"
"SD-1-Un",2016,127,35,41,121,1594114.94053448,5333731.09993016,"Terrace",1014,"unfenced","natural"
"SD-2-Fe",2008,78,47,31,94,1594451.77631602,5333358.18287598,"Terrace",1008,"fenced","natural"
"SD-2-Fe",2016,118,43,45,116,1594451.77631602,5333358.18287598,"Terrace",1008,"fenced","natural"
"SD-2-Un",2008,116,47,36,127,1594371.79756703,5333312.2091265,"Terrace",1008,"unfenced","natural"
"SD-2-Un",2016,107,46,38,115,1594371.79756703,5333312.2091265,"Terrace",1008,"unfenced","natural"
"SD-3-Fe",2008,88,31,39,80,1594590.69155308,5333075.26117666,"Terrace",1006,"fenced","natural"
"SD-3-Fe",2016,108,44,48,104,1594590.69155308,5333075.26117666,"Terrace",1006,"fenced","natural"
"SD-3-Un",2008,67,52,35,84,1594530.70478728,5333020.28786557,"Terrace",1006,"unfenced","natural"
"SD-3-Un",2016,77,58,43,92,1594530.70478728,5333020.28786557,"Terrace",1006,"unfenced","natural"
"ST-1-Fe",2008,113,82,4,191,1581314.75098301,5329458.25125558,"Slope",1163,"fenced","natural"
"ST-1-Fe",2016,209,137,15,331,1581314.75098301,5329458.25125558,"Slope",1163,"fenced","natural"
"ST-1-Un",2008,110,122,9,223,1581440.69298904,5329345.27315796,"Terrace",1157,"unfenced","natural"
"ST-1-Un",2016,107,156,13,250,1581440.69298904,5329345.27315796,"Terrace",1157,"unfenced","natural"
"ST-2-Fe",2008,124,294,1,418,1581396.73079408,5329517.22024588,"Terrace",1157,"fenced","natural"
"ST-2-Fe",2016,42,417,1,459,1581396.73079408,5329517.22024588,"Terrace",1157,"fenced","natural"
"ST-2-Un",2008,35,184,1,219,1581422.70747911,5329408.25402711,"Terrace",1159,"unfenced","natural"
"ST-2-Un",2016,92,200,1,292,1581422.70747911,5329408.25402711,"Terrace",1159,"unfenced","natural"
"ST-3-Fe",2008,584,148,1,732,1581445.72121167,5329571.19531412,"Terrace",1158,"fenced","natural"
"ST-3-Fe",2016,743,113,1,856,1581445.72121167,5329571.19531412,"Terrace",1158,"fenced","natural"
"ST-3-Un",2008,424,98,4,518,1581479.70748109,5329555.19627564,"Terrace",1156,"unfenced","natural"
"ST-3-Un",2016,504,181,7,678,1581479.70748109,5329555.19627564,"Terrace",1156,"unfenced","natural"
"ST-4-Fe",2008,356,54,20,390,1581448.72866345,5329635.17305895,"Terrace",1163,"fenced","natural"
"ST-4-Fe",2016,352,71,39,384,1581448.72866345,5329635.17305895,"Terrace",1163,"fenced","natural"
"ST-4-Un",2008,182,49,39,192,1581494.7116288,5329625.17038202,"Terrace",1163,"unfenced","natural"
"ST-4-Un",2016,244,53,40,257,1581494.7116288,5329625.17038202,"Terrace",1163,"unfenced","natural"
"ST-5-Fe",2008,215,2,83,134,1581492.72449631,5329717.13922529,"Terrace",1181,"fenced","natural"
"ST-5-Fe",2016,257,4,90,171,1581492.72449631,5329717.13922529,"Terrace",1181,"fenced","natural"
"ST-5-Un",2008,226,8,34,200,1581504.72039785,5329717.13763599,"Terrace",1181,"unfenced","natural"
"ST-5-Un",2016,307,3,46,264,1581504.72039785,5329717.13763599,"Terrace",1181,"unfenced","natural"
"ST-6-Fe",2008,445,16,25,436,1581492.7345621,5329793.11326757,"Terrace",1200,"fenced","natural"
"ST-6-Fe",2016,491,24,20,495,1581492.7345621,5329793.11326757,"Terrace",1200,"fenced","natural"
"ST-6-Un",2008,304,9,20,293,1581500.73196217,5329794.11186645,"Terrace",1203,"unfenced","natural"
"ST-6-Un",2016,408,28,30,406,1581500.73196217,5329794.11186645,"Terrace",1203,"unfenced","natural"
"SW-1-Fe",2008,4,362,1,366,1593972.04166267,5334127.983212,"Terrace",1013,"fenced","natural"
"SW-1-Fe",2016,8,442,1,450,1593972.04166267,5334127.983212,"Terrace",1013,"fenced","natural"
"SW-1-Un",2008,38,350,1,388,1593938.05116448,5334111.99315384,"Terrace",1013,"unfenced","natural"
"SW-1-Un",2016,54,514,1,568,1593938.05116448,5334111.99315384,"Terrace",1013,"unfenced","natural"
"SW-2-Fe",2008,109,309,3,415,1593837.11410088,5334327.93270031,"Terrace",1012,"fenced","natural"
"SW-2-Fe",2016,128,422,5,545,1593837.11410088,5334327.93270031,"Terrace",1012,"fenced","natural"
"SW-2-Un",2008,30,400,1,430,1593817.12277383,5334341.93055369,"Terrace",1012,"unfenced","natural"
"SW-2-Un",2016,64,570,1,634,1593817.12277383,5334341.93055369,"Terrace",1012,"unfenced","natural"
"SW-3-Fe",2008,54,325,1,379,1593763.16504812,5334522.87585858,"Terrace",1011,"fenced","natural"
"SW-3-Fe",2016,40,407,1,447,1593763.16504812,5334522.87585858,"Terrace",1011,"fenced","natural"
"SW-3-Un",2008,140,129,1,269,1593690.18602508,5334492.89571533,"Terrace",1011,"unfenced","natural"
"SW-3-Un",2016,116,206,1,322,1593690.18602508,5334492.89571533,"Terrace",1011,"unfenced","natural"
"WR-1-Fe",2008,68,46,1,114,1580056.61053606,5332695.31181738,"Terrace",1221,"fenced","natural"
"WR-1-Fe",2016,78,39,1,117,1580056.61053606,5332695.31181738,"Terrace",1221,"fenced","natural"
"WR-1-Un",2008,70,39,1,109,1580063.60827553,5332696.31054622,"Terrace",1221,"unfenced","natural"
"WR-1-Un",2016,74,46,2,118,1580063.60827553,5332696.31054622,"Terrace",1221,"unfenced","natural"
"WR-2-Fe",2008,143,19,53,109,1580026.58043632,5332391.41973075,"Terrace",1269,"fenced","natural"
"WR-2-Fe",2016,108,24,58,74,1580026.58043632,5332391.41973075,"Terrace",1269,"fenced","natural"
"WR-2-Un",2008,193,14,61,146,1580032.57851802,5332392.41859241,"Terrace",1269,"unfenced","natural"
"WR-2-Un",2016,203,37,88,152,1580032.57851802,5332392.41859241,"Terrace",1269,"unfenced","natural"
"WR-3-Fe",2008,195,126,17,304,1579952.59312091,5332296.46202972,"Terrace",1279,"fenced","natural"
"WR-3-Fe",2016,225,134,30,329,1579952.59312091,5332296.46202972,"Terrace",1279,"fenced","natural"
"WR-3-Un",2008,174,98,65,207,1579957.5903497,5332288.46410063,"Terrace",1289,"unfenced","natural"
"WR-3-Un",2016,285,111,94,302,1579957.5903497,5332288.46410063,"Terrace",1289,"unfenced","natural"
"Z1-1",2007,305,12,117,200,1594277.78938098,5310239.12486309,"Slope",1049,"unfenced","oversown"
"Z1-1",2016,543,21,247,317,1594277.78938098,5310239.12486309,"Slope",1049,"unfenced","oversown"
"Z1-2",2007,480,39,164,355,1594427.78968127,5310636.96836033,"Slope",1175,"unfenced","oversown"
"Z1-2",2016,554,24,200,378,1594427.78968127,5310636.96836033,"Slope",1175,"unfenced","oversown"
"Z1-3",2007,160,1,103,58,1594493.78655123,5310786.9081417,"Slope",1280,"unfenced","oversown"
"Z1-3",2016,239,1,154,86,1594493.78655123,5310786.9081417,"Slope",1280,"unfenced","oversown"
"Z1-4",2007,342,3,132,213,1594559.78199256,5310925.85170676,"Slope",1384,"unfenced","oversown"
"Z1-4",2016,309,2,152,159,1594559.78199256,5310925.85170676,"Slope",1384,"unfenced","oversown"
"Z2-1",2007,1,51,2,49,1598113.68953094,5311927.04090952,"Slope",803,"unfenced","oversown"
"Z2-1",2016,1,78,15,63,1598113.68953094,5311927.04090952,"Slope",803,"unfenced","oversown"
"Z2-2",2007,60,55,7,108,1598185.6907817,5312124.96324024,"Slope",805,"unfenced","oversown"
"Z2-2",2016,120,117,37,200,1598185.6907817,5312124.96324024,"Slope",805,"unfenced","oversown"
"Z2-3",2007,26,78,1,103,1598263.68550297,5312288.89649361,"Terrace",899,"unfenced","oversown"
"Z2-3",2016,18,85,9,94,1598263.68550297,5312288.89649361,"Terrace",899,"unfenced","oversown"
"Z2-4",2007,158,37,52,143,1598344.68051736,5312462.82590933,"Slope",884,"unfenced","oversown"
"Z2-4",2016,224,58,74,208,1598344.68051736,5312462.82590933,"Slope",884,"unfenced","oversown"
